[
  {
    "inventcode": "КН000155 ",
    "name": "Кета балык х/к",
    "articul": "10155",
    "alcoholpercent": 0,
    "inventgroup": "ЦБ-00004470",
    "measurecode": "166",
    "alctypecode": 0,
    "taramode": 0,
    "price": 1330,
    "barcode": "1",
    "Вес": 0,
    "taracapacity": 0,
    "remain": 1.398,
    "НоменклатураЕдиницаИзмерения": "86883cdd-d915-11e4-8260-001e67517e22",
    "ТабачнаяПродукция": false,
    "Весовой": true,
    "крю_ЯвляетсяГоловнойНоменклатурой": false,
    "крю_ГоловнаяНоменклатураКод": ""
  },
  {
    "inventcode": "КН000863 ",
    "name": "Кета боковник шоколадка х/к",
    "articul": "11503",
    "alcoholpercent": 0,
    "inventgroup": "ЦБ-00004470",
    "measurecode": "166",
    "alctypecode": 0,
    "taramode": 0,
    "price": 1690,
    "barcode": "1",
    "Вес": 0,
    "taracapacity": 0,
    "remain": 0.782,
    "НоменклатураЕдиницаИзмерения": "86883cdd-d915-11e4-8260-001e67517e22",
    "ТабачнаяПродукция": false,
    "Весовой": true,
    "крю_ЯвляетсяГоловнойНоменклатурой": false,
    "крю_ГоловнаяНоменклатураКод": ""
  },
  {
    "inventcode": "КН000364 ",
    "name": "Сёмга брюшки с/с",
    "articul": "11024",
    "alcoholpercent": 0,
    "inventgroup": "КН000344 ",
    "measurecode": "166",
    "alctypecode": 0,
    "taramode": 0,
    "price": 990,
    "barcode": "1",
    "Вес": 0,
    "taracapacity": 0,
    "remain": 1.24,
    "НоменклатураЕдиницаИзмерения": "86883cdd-d915-11e4-8260-001e67517e22",
    "ТабачнаяПродукция": false,
    "Весовой": true,
    "крю_ЯвляетсяГоловнойНоменклатурой": false,
    "крю_ГоловнаяНоменклатураКод": ""
  },
  {
    "inventcode": "КН000101 ",
    "name": "Вобла вяленая",
    "articul": "10101",
    "alcoholpercent": 0,
    "inventgroup": "ЮТ-00000001",
    "measurecode": "166",
    "alctypecode": 0,
    "taramode": 0,
    "price": 820,
    "barcode": "1",
    "Вес": 0,
    "taracapacity": 0,
    "remain": 2.594,
    "НоменклатураЕдиницаИзмерения": "86883cdd-d915-11e4-8260-001e67517e22",
    "ТабачнаяПродукция": false,
    "Весовой": true,
    "крю_ЯвляетсяГоловнойНоменклатурой": false,
    "крю_ГоловнаяНоменклатураКод": ""
  },
  {
    "inventcode": "КН001256 ",
    "name": "Вобла соломка",
    "articul": "11894",
    "alcoholpercent": 0,
    "inventgroup": "ЦБ-00007372",
    "measurecode": "166",
    "alctypecode": 0,
    "taramode": 0,
    "price": 1620,
    "barcode": "1",
    "Вес": 0,
    "taracapacity": 0,
    "remain": 1.98,
    "НоменклатураЕдиницаИзмерения": "86883cdd-d915-11e4-8260-001e67517e22",
    "ТабачнаяПродукция": false,
    "Весовой": true,
    "крю_ЯвляетсяГоловнойНоменклатурой": false,
    "крю_ГоловнаяНоменклатураКод": ""
  },
  {
    "inventcode": "КН000670 ",
    "name": "Вомер вяленый",
    "articul": "11316",
    "alcoholpercent": 0,
    "inventgroup": "ЮТ-00000001",
    "measurecode": "166",
    "alctypecode": 0,
    "taramode": 0,
    "price": 999,
    "barcode": "1",
    "Вес": 0,
    "taracapacity": 0,
    "remain": 1.306,
    "НоменклатураЕдиницаИзмерения": "86883cdd-d915-11e4-8260-001e67517e22",
    "ТабачнаяПродукция": false,
    "Весовой": true,
    "крю_ЯвляетсяГоловнойНоменклатурой": false,
    "крю_ГоловнаяНоменклатураКод": ""
  },
  {
    "inventcode": "КН000156 ",
    "name": "Горбуша балык х/к",
    "articul": "10156",
    "alcoholpercent": 0,
    "inventgroup": "ЦБ-00004470",
    "measurecode": "166",
    "alctypecode": 0,
    "taramode": 0,
    "price": 1150,
    "barcode": "1",
    "Вес": 0,
    "taracapacity": 0,
    "remain": 1.804,
    "НоменклатураЕдиницаИзмерения": "86883cdd-d915-11e4-8260-001e67517e22",
    "ТабачнаяПродукция": false,
    "Весовой": true,
    "крю_ЯвляетсяГоловнойНоменклатурой": false,
    "крю_ГоловнаяНоменклатураКод": ""
  },
  {
    "inventcode": "МА000227 ",
    "name": "Горбуша соломка вялено-копчёная",
    "articul": "10983",
    "alcoholpercent": 0,
    "inventgroup": "ЦБ-00007372",
    "measurecode": "166",
    "alctypecode": 0,
    "taramode": 0,
    "price": 1680,
    "barcode": "1",
    "Вес": 0,
    "taracapacity": 0,
    "remain": 3.294,
    "НоменклатураЕдиницаИзмерения": "86883cdd-d915-11e4-8260-001e67517e22",
    "ТабачнаяПродукция": false,
    "Весовой": true,
    "крю_ЯвляетсяГоловнойНоменклатурой": false,
    "крю_ГоловнаяНоменклатураКод": ""
  },
  {
    "inventcode": "КН001124 ",
    "name": "Желтый полосатик",
    "articul": "11763",
    "alcoholpercent": 0,
    "inventgroup": "ЦБ-00007372",
    "measurecode": "166",
    "alctypecode": 0,
    "taramode": 0,
    "price": 1999,
    "barcode": "1",
    "Вес": 0,
    "taracapacity": 0,
    "remain": 4.17,
    "НоменклатураЕдиницаИзмерения": "86883cdd-d915-11e4-8260-001e67517e22",
    "ТабачнаяПродукция": false,
    "Весовой": true,
    "крю_ЯвляетсяГоловнойНоменклатурой": false,
    "крю_ГоловнаяНоменклатураКод": ""
  },
  {
    "inventcode": "КН001288 ",
    "name": "Икорочка по-летнему",
    "articul": "11926",
    "alcoholpercent": 0,
    "inventgroup": "ЦБ-00007373",
    "measurecode": "166",
    "alctypecode": 0,
    "taramode": 0,
    "price": 1500,
    "barcode": "1",
    "Вес": 0,
    "taracapacity": 0,
    "remain": 0.51,
    "НоменклатураЕдиницаИзмерения": "86883cdd-d915-11e4-8260-001e67517e22",
    "ТабачнаяПродукция": false,
    "Весовой": true,
    "крю_ЯвляетсяГоловнойНоменклатурой": false,
    "крю_ГоловнаяНоменклатураКод": ""
  },
  {
    "inventcode": "КН001053 ",
    "name": "Кальмар г/к",
    "articul": "11693",
    "alcoholpercent": 0,
    "inventgroup": "ЦБ-00004470",
    "measurecode": "166",
    "alctypecode": 0,
    "taramode": 0,
    "price": 930,
    "barcode": "1",
    "Вес": 0,
    "taracapacity": 0,
    "remain": 1.706,
    "НоменклатураЕдиницаИзмерения": "86883cdd-d915-11e4-8260-001e67517e22",
    "ТабачнаяПродукция": false,
    "Весовой": true,
    "крю_ЯвляетсяГоловнойНоменклатурой": false,
    "крю_ГоловнаяНоменклатураКод": ""
  },
  {
    "inventcode": "КН000173 ",
    "name": "Кальмар полукольца (кольца)",
    "articul": "10173",
    "alcoholpercent": 0,
    "inventgroup": "ЦБ-00007372",
    "measurecode": "166",
    "alctypecode": 0,
    "taramode": 0,
    "price": 1500,
    "barcode": "1",
    "Вес": 0,
    "taracapacity": 0,
    "remain": 3.516,
    "НоменклатураЕдиницаИзмерения": "86883cdd-d915-11e4-8260-001e67517e22",
    "ТабачнаяПродукция": false,
    "Весовой": true,
    "крю_ЯвляетсяГоловнойНоменклатурой": false,
    "крю_ГоловнаяНоменклатураКод": ""
  },
  {
    "inventcode": "КН000169 ",
    "name": "Кальмар рваный",
    "articul": "10169",
    "alcoholpercent": 0,
    "inventgroup": "ЦБ-00007372",
    "measurecode": "166",
    "alctypecode": 0,
    "taramode": 0,
    "price": 1500,
    "barcode": "1",
    "Вес": 0,
    "taracapacity": 0,
    "remain": 3.746,
    "НоменклатураЕдиницаИзмерения": "86883cdd-d915-11e4-8260-001e67517e22",
    "ТабачнаяПродукция": false,
    "Весовой": true,
    "крю_ЯвляетсяГоловнойНоменклатурой": false,
    "крю_ГоловнаяНоменклатураКод": ""
  },
  {
    "inventcode": "КН000752 ",
    "name": "Кальмар стружка",
    "articul": "11393",
    "alcoholpercent": 0,
    "inventgroup": "ЦБ-00007372",
    "measurecode": "166",
    "alctypecode": 0,
    "taramode": 0,
    "price": 1500,
    "barcode": "1",
    "Вес": 0,
    "taracapacity": 0,
    "remain": 1.294,
    "НоменклатураЕдиницаИзмерения": "86883cdd-d915-11e4-8260-001e67517e22",
    "ТабачнаяПродукция": false,
    "Весовой": true,
    "крю_ЯвляетсяГоловнойНоменклатурой": false,
    "крю_ГоловнаяНоменклатураКод": ""
  },
  {
    "inventcode": "КН000776 ",
    "name": "Кальмар хотейс",
    "articul": "11416",
    "alcoholpercent": 0,
    "inventgroup": "ЦБ-00007372",
    "measurecode": "166",
    "alctypecode": 0,
    "taramode": 0,
    "price": 1770,
    "barcode": "1",
    "Вес": 0,
    "taracapacity": 0,
    "remain": 0.398,
    "НоменклатураЕдиницаИзмерения": "86883cdd-d915-11e4-8260-001e67517e22",
    "ТабачнаяПродукция": false,
    "Весовой": true,
    "крю_ЯвляетсяГоловнойНоменклатурой": false,
    "крю_ГоловнаяНоменклатураКод": ""
  },
  {
    "inventcode": "КН000146 ",
    "name": "Камбала вяленая б/г",
    "articul": "10146",
    "alcoholpercent": 0,
    "inventgroup": "ЮТ-00000001",
    "measurecode": "166",
    "alctypecode": 0,
    "taramode": 0,
    "price": 899,
    "barcode": "1",
    "Вес": 0,
    "taracapacity": 0,
    "remain": 5.192,
    "НоменклатураЕдиницаИзмерения": "86883cdd-d915-11e4-8260-001e67517e22",
    "ТабачнаяПродукция": false,
    "Весовой": true,
    "крю_ЯвляетсяГоловнойНоменклатурой": false,
    "крю_ГоловнаяНоменклатураКод": ""
  },
  {
    "inventcode": "МА000228 ",
    "name": "Камбала вяленая б/ш",
    "articul": "10984",
    "alcoholpercent": 0,
    "inventgroup": "ЮТ-00000001",
    "measurecode": "166",
    "alctypecode": 0,
    "taramode": 0,
    "price": 1200,
    "barcode": "1",
    "Вес": 0,
    "taracapacity": 0,
    "remain": 2.372,
    "НоменклатураЕдиницаИзмерения": "86883cdd-d915-11e4-8260-001e67517e22",
    "ТабачнаяПродукция": false,
    "Весовой": true,
    "крю_ЯвляетсяГоловнойНоменклатурой": false,
    "крю_ГоловнаяНоменклатураКод": ""
  },
  {
    "inventcode": "КН000813 ",
    "name": "Камбала вяленая икряная",
    "articul": "11452",
    "alcoholpercent": 0,
    "inventgroup": "ЮТ-00000001",
    "measurecode": "166",
    "alctypecode": 0,
    "taramode": 0,
    "price": 2290,
    "barcode": "1",
    "Вес": 0,
    "taracapacity": 0,
    "remain": 2.626,
    "НоменклатураЕдиницаИзмерения": "86883cdd-d915-11e4-8260-001e67517e22",
    "ТабачнаяПродукция": false,
    "Весовой": true,
    "крю_ЯвляетсяГоловнойНоменклатурой": false,
    "крю_ГоловнаяНоменклатураКод": ""
  },
  {
    "inventcode": "КН000660 ",
    "name": "Камбала филе вяленое",
    "articul": "11307",
    "alcoholpercent": 0,
    "inventgroup": "ЦБ-00007372",
    "measurecode": "166",
    "alctypecode": 0,
    "taramode": 0,
    "price": 2250,
    "barcode": "1",
    "Вес": 0,
    "taracapacity": 0,
    "remain": 1.168,
    "НоменклатураЕдиницаИзмерения": "86883cdd-d915-11e4-8260-001e67517e22",
    "ТабачнаяПродукция": false,
    "Весовой": true,
    "крю_ЯвляетсяГоловнойНоменклатурой": false,
    "крю_ГоловнаяНоменклатураКод": ""
  },
  {
    "inventcode": "КН000145 ",
    "name": "Камбала х/к б/г",
    "articul": "10145",
    "alcoholpercent": 0,
    "inventgroup": "ЦБ-00004470",
    "measurecode": "166",
    "alctypecode": 0,
    "taramode": 0,
    "price": 760,
    "barcode": "1",
    "Вес": 0,
    "taracapacity": 0,
    "remain": 2.176,
    "НоменклатураЕдиницаИзмерения": "86883cdd-d915-11e4-8260-001e67517e22",
    "ТабачнаяПродукция": false,
    "Весовой": true,
    "крю_ЯвляетсяГоловнойНоменклатурой": false,
    "крю_ГоловнаяНоменклатураКод": ""
  },
  {
    "inventcode": "МА000048 ",
    "name": "Карась пласт вяленый ",
    "articul": "10048",
    "alcoholpercent": 0,
    "inventgroup": "ЮТ-00000001",
    "measurecode": "166",
    "alctypecode": 0,
    "taramode": 0,
    "price": 370,
    "barcode": "1",
    "Вес": 0,
    "taracapacity": 0,
    "remain": 0.348,
    "НоменклатураЕдиницаИзмерения": "86883cdd-d915-11e4-8260-001e67517e22",
    "ТабачнаяПродукция": false,
    "Весовой": true,
    "крю_ЯвляетсяГоловнойНоменклатурой": false,
    "крю_ГоловнаяНоменклатураКод": ""
  },
  {
    "inventcode": "МА000233 ",
    "name": "Кета боковник х/к",
    "articul": "10989",
    "alcoholpercent": 0,
    "inventgroup": "ЦБ-00004470",
    "measurecode": "166",
    "alctypecode": 0,
    "taramode": 0,
    "price": 1820,
    "barcode": "1",
    "Вес": 0,
    "taracapacity": 0,
    "remain": 1.885,
    "НоменклатураЕдиницаИзмерения": "86883cdd-d915-11e4-8260-001e67517e22",
    "ТабачнаяПродукция": false,
    "Весовой": true,
    "крю_ЯвляетсяГоловнойНоменклатурой": false,
    "крю_ГоловнаяНоменклатураКод": ""
  }
]