
{
  "invent": {
    "inventcode": "КН000155",
    "inventgroup": "ЦБ-00004470",
    "name": "Кета балык х/к",
    "barcode": "10155",
    "barcodes": [],
    "price": 1330,
    "minprice": 0,
    "additionalprices": [],
    "options": {
      "inventitemoptions": {
        "tobacco": 0,
        "disablebackinsale": 0,
        "disableinventshow": 0,
        "disableinventsale": 0,
        "disableinventback": 0,
        "requiredepartmentmanual": 0,
        "enabledepartmentmanual": 1,
        "enablebarcodemanual": 1,
        "enablebarcodescanner": 1,
        "visualverify": 0,
        "ageverify": 0,
        "requiresalerestrict": 0,
        "egaisverify": 0,
        "prepackaged": 0,
        "nopdfegaisverify": 0,
        "alcoset": 0,
        "freesale": 0,
        "rfidverify": 0,
        "lowweight": 0,
        "weightcontrolbypass": 0,
        "shoes": 0,
        "ignoremarking": 0
      },
      "priceoptions": {
        "enablepricemanual": 0,
        "requirepricemanual": 0,
        "requireselectprice": 0,
        "requiredeferredprice": 0,
        "enableexcisemarkprice": 1
      },
      "quantityoptions": {
        "enabledefaultquantity": 1,
        "enablequantitylimit": 0,
        "quantitylimit": 0,
        "enablequantityscales": 1,
        "enablequantitybarcode": 1,
        "enablequantitymanual": 1,
        "requirequantitymanual": 0,
        "requirequantitybarcode": 0,
        "requirequantityscales": 0,
        "enabledocumentquantitylimit": 0,
        "autogetquantityfromscales": 0,
        "documentquantlimit": ""
      }
    },
    "sellrestrictperiods": [],
    "extendedoptions": "",
    "discautoscheme": "",
    "deptcode": "",
    "taxgroupcode": "",
    "measurecode": "166",
    "articul": "10155",
    "defaultquantity": 1,
    "taramode": 0,
    "taracapacity": 0,
    "remain": 3.328,
    "remaindate": "2022-11-16T11:55:49",
    "alcoholpercent": 0,
    "cquant": 1,
    "alctypecode": 0,
    "loyaltymode": 0
      },
  
  
  "invent": {
    "inventcode": "!!000155",
    "inventgroup": "ЦБ-00004470",
    "name": "Кета балык х/к",
    "barcode": "10155",
    "barcodes": [],
    "price": 1330,
    "minprice": 0,
    "additionalprices": [],
    "options": {
      "inventitemoptions": {
        "tobacco": 0,
        "disablebackinsale": 0,
        "disableinventshow": 0,
        "disableinventsale": 0,
        "disableinventback": 0,
        "requiredepartmentmanual": 0,
        "enabledepartmentmanual": 1,
        "enablebarcodemanual": 1,
        "enablebarcodescanner": 1,
        "visualverify": 0,
        "ageverify": 0,
        "requiresalerestrict": 0,
        "egaisverify": 0,
        "prepackaged": 0,
        "nopdfegaisverify": 0,
        "alcoset": 0,
        "freesale": 0,
        "rfidverify": 0,
        "lowweight": 0,
        "weightcontrolbypass": 0,
        "shoes": 0,
        "ignoremarking": 0
      },
      "priceoptions": {
        "enablepricemanual": 0,
        "requirepricemanual": 0,
        "requireselectprice": 0,
        "requiredeferredprice": 0,
        "enableexcisemarkprice": 1
      },
      "quantityoptions": {
        "enabledefaultquantity": 1,
        "enablequantitylimit": 0,
        "quantitylimit": 0,
        "enablequantityscales": 1,
        "enablequantitybarcode": 1,
        "enablequantitymanual": 1,
        "requirequantitymanual": 0,
        "requirequantitybarcode": 0,
        "requirequantityscales": 0,
        "enabledocumentquantitylimit": 0,
        "autogetquantityfromscales": 0,
        "documentquantlimit": ""
      }
    },
    "sellrestrictperiods": [],
    "extendedoptions": "",
    "discautoscheme": "",
    "deptcode": "",
    "taxgroupcode": "",
    "measurecode": "166",
    "articul": "10155",
    "defaultquantity": 1,
    "taramode": 0,
    "taracapacity": 0,
    "remain": 3.328,
    "remaindate": "2022-11-16T11:55:49",
    "alcoholpercent": 0,
    "cquant": 1,
    "alctypecode": 0,
    "loyaltymode": 0
      }
  }


